Workbook

Sheet CEREALES
D1: RESULTATS DEFINITIFS DE LA CAMPAGNE AGRICOLE 2020/2021
B3: RECAPITULATIF DES CULTURES CEREALIERES
C6: MIL | E6: SORGHO | I6: MAIS | L6: RIZ | O6: FONIO | Q6: TOTAL CEREALES
A7: REGIONS
B8: SUP | C8: RDT | D8: PROD | E8: SUP | F8: RDT | G8: PROD | H8: SUP | I8: RDT | J8: PROD | K8: SUP | L8: RDT | M8: PROD | N8: SUP | O8: RDT | P8: PROD | Q8: SUP | R8: PROD
B9: (Ha) | C9: (Kg/Ha) | D9: (T) | E9: (Ha) | F9: (Kg/Ha) | G9: (T) | H9: (Ha) | I9: (Kg/Ha) | J9: (T) | K9: (Ha) | L9: (Kg/Ha) | M9: (T) | N9: (Ha) | O9: (Kg/Ha) | P9: (T) | Q9: (Ha) | R9: (T)
A10: DAKAR | H10: =[1]Dakar!H11 -> 234 | I10: =[1]Dakar!I11 -> 705.229 | J10: =[1]Dakar!J11 -> 165.02359 | Q10: =N10+K10+H10+E10+B10 -> 234 | R10: =P10+M10+J10+G10+D10 -> 165.02359
A11: DIOURBEL | B11: =[1]Diourbel!B13 -> 112673.85 | C11: =[1]Diourbel!C13 -> 697.87108 | D11: =[1]Diourbel!D13 -> 78631.819 | E11: =[1]Diourbel!E13 -> 17950.033 | F11: =[1]Diourbel!F13 -> 829.44582 | G11: =[1]Diourbel!G13 -> 14888.58 | H11: =[1]Diourbel!H13 -> 932 | I11: =[1]Diourbel!I13 -> 944.27897 | J11: =[1]Diourbel!J13 -> 880.068 | Q11: =N11+K11+H11+E11+B11 -> 131555.88 | R11: =P11+M11+J11+G11+D11 -> 94400.467
A12: FATICK | B12: =[1]Fatick!B14 -> 194733.01 | C12: =[1]Fatick!C14 -> 1062.7889 | D12: =[1]Fatick!D14 -> 206960.09 | E12: =[1]Fatick!E14 -> 19421.773 | F12: =[1]Fatick!F14 -> 1080.3546 | G12: =[1]Fatick!G14 -> 20982.401 | H12: =[1]Fatick!H14 -> 34430 | I12: =[1]Fatick!I14 -> 2292.5147 | ... M12: =[1]Fatick!M14 -> 17190.54 | Q12: =N12+K12+H12+E12+B12 -> 256322.59 | R12: =P12+M12+J12+G12+D12 -> 324064.32
A13: KAOLACK | B13: =[1]Kaolack!B13 -> 151017.05 | C13: =[1]Kaolack!C13 -> 1225.1351 | D13: =[1]Kaolack!D13 -> 185016.29 | E13: =[1]Kaolack!E13 -> 26814 | F13: =[1]Kaolack!F13 -> 1517.2319 | G13: =[1]Kaolack!G13 -> 40683.055 | H13: =[1]Kaolack!H13 -> 44750 | I13: =[1]Kaolack!I13 -> 2652.478 | ... M13: =[1]Kaolack!M13 -> 3055.7106 | Q13: =N13+K13+H13+E13+B13 -> 224567.75 | R13: =P13+M13+J13+G13+D13 -> 347453.45
A14: KOLDA | B14: =[1]Kolda!B17 -> 49905.317 | C14: =[1]Kolda!C17 -> 1886.0185 | D14: =[1]Kolda!D17 -> 94122.352 | E14: =[1]Kolda!E17 -> 39009.253 | F14: =[1]Kolda!F17 -> 1447.4227 | G14: =[1]Kolda!G17 -> 56462.878 | H14: =[1]Kolda!H17 -> 50025.121 | I14: =[1]Kolda!I17 -> 3612.1161 | ... P14: =[1]Kolda!P17 -> 212.71 | Q14: =N14+K14+H14+E14+B14 -> 264615.47 | R14: =P14+M14+J14+G14+D14 -> 700824.82
A15: LOUGA | B15: =[1]Louga!B12 -> 96695.423 | C15: =[1]Louga!C12 -> 539.12691 | D15: =[1]Louga!D12 -> 52131.105 | E15: =[1]Louga!E12 -> 2078 | F15: =[1]Louga!F12 -> 490.20837 | G15: =[1]Louga!G12 -> 1018.653 | H15: =[1]Louga!H12 -> 5989 | I15: =[1]Louga!I12 -> 630 | J15: =[1]Louga!J12 -> 3773.07 | Q15: =N15+K15+H15+E15+B15 -> 104762.42 | R15: =P15+M15+J15+G15+D15 -> 56922.828
A16: SAINT-LOUIS | B16: ='[1]Saint-Louis'!B17 -> 4879.8842 | C16: ='[1]Saint-Louis'!C17 -> 322.0922 | D16: ='[1]Saint-Louis'!D17 -> 1571.7726 | E16: ='[1]Saint-Louis'!E17 -> 5154 | F16: ='[1]Saint-Louis'!F17 -> 549.58964 | G16: ='[1]Saint-Louis'!G17 -> 2832.585 | H16: ='[1]Saint-Louis'!H17 -> 2947.7666 | I16: ='[1]Saint-Louis'!I17 -> 1795.9496 | ... M16: ='[1]Saint-Louis'!M17 -> 302831.6 | Q16: =N16+K16+H16+E16+B16 -> 77140.651 | R16: =P16+M16+J16+G16+D16 -> 312530
A17: TAMBACOUNDA | B17: =[1]Tamba!B17 -> 46764 | C17: =[1]Tamba!C17 -> 1348.4659 | D17: =[1]Tamba!D17 -> 63059.659 | E17: =[1]Tamba!E17 -> 41254.832 | F17: =[1]Tamba!F17 -> 1541.8183 | G17: =[1]Tamba!G17 -> 63607.455 | H17: =[1]Tamba!H17 -> 38849.068 | I17: =[1]Tamba!I17 -> 2620.1522 | ... P17: =[1]Tamba!P17 -> 52.904352 | Q17: =N17+K17+H17+E17+B17 -> 134653.37 | R17: =P17+M17+J17+G17+D17 -> 250518.87
A18: THIES | B18: =[1]Thiès!B14 -> 110911.6 | C18: =[1]Thiès!C14 -> 785.74507 | D18: =[1]Thiès!D14 -> 87148.245 | E18: =[1]Thiès!E14 -> 13544.146 | F18: =[1]Thiès!F14 -> 688.21489 | G18: =[1]Thiès!G14 -> 9321.2829 | H18: =[1]Thiès!H14 -> 2942 | I18: =[1]Thiès!I14 -> 676.17873 | J18: =[1]Thiès!J14 -> 1989.3178 | Q18: =N18+K18+H18+E18+B18 -> 127397.75 | R18: =P18+M18+J18+G18+D18 -> 98458.846
A19: ZIGUINCHOR | B19: =[1]Ziguinchor!B17 -> 7767.2824 | C19: =[1]Ziguinchor!C17 -> 912.24308 | D19: =[1]Ziguinchor!D17 -> 7085.6496 | E19: =[1]Ziguinchor!E17 -> 643.37812 | F19: =[1]Ziguinchor!F17 -> 826.43877 | G19: =[1]Ziguinchor!G17 -> 531.71262 | H19: =[1]Ziguinchor!H17 -> 2367 | I19: =[1]Ziguinchor!I17 -> 1473.2387 | ... M19: =[1]Ziguinchor!M17 -> 216625.79 | Q19: =N19+K19+H19+E19+B19 -> 80712.839 | R19: =P19+M19+J19+G19+D19 -> 227730.31
A20: MATAM | B20: =[1]Matam!B16 -> 32326.644 | C20: =[1]Matam!C16 -> 546.2171 | D20: =[1]Matam!D16 -> 17657.366 | E20: =[1]Matam!E16 -> 18937.74 | F20: =[1]Matam!F16 -> 471.44358 | G20: =[1]Matam!G16 -> 8928.076 | H20: =[1]Matam!H16 -> 373 | I20: =[1]Matam!I16 -> 828.89759 | ... M20: =[1]Matam!M16 -> 46828.4 | Q20: =N20+K20+H20+E20+B20 -> 60435.384 | R20: =P20+M20+J20+G20+D20 -> 73723.021
A21: KAFFRINE | B21: =[1]Kaffrine!B14 -> 171685 | C21: =[1]Kaffrine!C14 -> 1540.8294 | D21: =[1]Kaffrine!D14 -> 264537.29 | E21: =[1]Kaffrine!E14 -> 66884 | F21: =[1]Kaffrine!F14 -> 1438.8634 | G21: =[1]Kaffrine!G14 -> 96236.938 | H21: =[1]Kaffrine!H14 -> 39417 | I21: =[1]Kaffrine!I14 -> 1779.7603 | ... M21: =[1]Kaffrine!M14 -> 562.01312 | Q21: =N21+K21+H21+E21+B21 -> 278600.41 | R21: =P21+M21+J21+G21+D21 -> 431489.05
A22: KEDOUGOU | E22: =[1]Kédougou!E16 -> 4350.4093 | F22: =[1]Kédougou!F16 -> 3245.0038 | G22: =[1]Kédougou!G16 -> 14117.095 | H22: =[1]Kédougou!H16 -> 14929 | I22: =[1]Kédougou!I16 -> 2326.1155 | J22: =[1]Kédougou!J16 -> 34726.579 | K22: =[1]Kédougou!K16 -> 12273.218 | L22: =[1]Kédougou!L16 -> 3118.9313 | ... P22: =[1]Kédougou!P16 -> 2403.2287 | Q22: =N22+K22+H22+E22+B22 -> 33897.626 | R22: =P22+M22+J22+G22+D22 -> 89526.226
A23: SEDHIOU | B23: =[1]Sedhiou!B16 -> 43706 | C23: =[1]Sedhiou!C16 -> 1989.0467 | D23: =[1]Sedhiou!D16 -> 86933.277 | E23: =[1]Sedhiou!E16 -> 22059 | F23: =[1]Sedhiou!F16 -> 2162.9335 | G23: =[1]Sedhiou!G16 -> 47712.151 | H23: =[1]Sedhiou!H16 -> 48792.4 | I23: =[1]Sedhiou!I16 -> 3299.4708 | ... P23: =[1]Sedhiou!P16 -> 4092 | Q23: =N23+K23+H23+E23+B23 -> 223645.67 | R23: =P23+M23+J23+G23+D23 -> 632737.45
A26: RESULTATS DEFINITIFS 2020-2021 (1) | B26: =SUM(B10:B24) -> 1023065.1 | C26: =(D26/B26)*1000 -> 1119.0441 | D26: =SUM(D10:D24) -> 1144854.9 | E26: =SUM(E10:E24) -> 278100.56 | F26: =(G26/E26)*1000 -> 1356.7857 | G26: =SUM(G10:G24) -> 377322.86 | H26: =SUM(H10:H24) -> 286977.36 | I26: =(J26/H26)*1000 -> 2654.8542 | J26: =SUM(J10:J24) -> 761883.04 | K26: =SUM(K10:K24) -> 403726.65 | L26: =(M26/K26)*1000 -> 3343.1606 | M26: =SUM(M10:M24) -> 1349723 | N26: =SUM(N10:N24) -> 6672.1726 | O26: =(P26/N26)*1000 -> 1013.2896 | P26: =SUM(P10:P24) -> 6760.8431 | Q26: =B26+E26+H26+K26+N26 -> 1998541.8 | R26: =D26+G26+J26+M26+P26 -> 3640544.7
A29: RESULTATS DEFINITIFS 2019/2020 (2) | B29: 880408 | C29: 916.67053 | D29: 807044.07 | E29: 238832.5 | F29: 1131.2041 | G29: 270168.31 | H29: 258390.6 | I29: 2053.8865 | J29: 530704.97 | K29: 345595.95 | L29: 3344.1661 | M29: 1155730.3 | N29: 5897.33 | O29: 873.48825 | P29: 5151.2485 | Q29: 1729124.4 | R29: 2768798.9
A32: ECART(1)&(2) EN % | B32: =((B26-B29)/B29)*100 -> 16.203518 | C32: =((C26-C29)/C29)*100 -> 22.077022 | D32: =((D26-D29)/D29)*100 -> 41.857795 | E32: =((E26-E29)/E29)*100 -> 16.441675 | F32: =((F26-F29)/F29)*100 -> 19.941719 | G32: =((G26-G29)/G29)*100 -> 39.662147 | H32: =((H26-H29)/H29)*100 -> 11.063388 | I32: =((I26-I29)/I29)*100 -> 29.260023 | ... R32: =((R26-R29)/R29)*100 -> 31.484619
A35: MOYENNE 5 DERNIERES ANNEES (3) | B35: 921729.83 | C35: 863.85654 | D35: 796242.34 | E35: 225877.55 | F35: 1016.1707 | G35: 229530.15 | H35: 231979.17 | I35: 1790.7365 | J35: 415413.56 | K35: 297588.09 | L35: 3478.1445 | M35: 1035054.4 | N35: 4966.8991 | O35: 801.88486 | P35: 3982.8812 | Q35: 1682141.5 | R35: 2480223.3
A38: ECART(1)&(3) EN % | B38: =((B26-B35)/B35)*100 -> 10.994028 | C38: =((C26-C35)/C35)*100 -> 29.540501 | D38: =((D26-D35)/D35)*100 -> 43.782221 | E38: =((E26-E35)/E35)*100 -> 23.120053 | F38: =((F26-F35)/F35)*100 -> 33.519467 | G38: =((G26-G35)/G35)*100 -> 64.389239 | H38: =((H26-H35)/H35)*100 -> 23.708245 | I38: =((I26-I35)/I35)*100 -> 48.254876 | ... R38: =((R26-R35)/R35)*100 -> 46.78294
A41: SOURCE : SENEGAL, DAPSA/MAER

Sheet CULTURES INDUSTRIELLES
D1: RESULTATS DEFINITIFS DE LA CAMPAGNE AGRICOLE 2020/2021
B3: RECAPITULATIF DES CULTURES INDUSTRIELLES ET AUTRES CULTURES
B6: ARACHIDE HUILERIE | E6: COTON | H6: NIEBE | K6: MANIOC | N6: PASTEQUE | Q6: SESAME
A7: REGIONS
B8: SUP | C8: RDT | D8: PROD | E8: SUP | F8: RDT | G8: PROD | H8: SUP | I8: RDT | J8: PROD | K8: SUP | L8: RDT | M8: PROD | N8: SUP | O8: RDT | P8: PROD | Q8: SUP | R8: RDT | S8: PROD
B9: (Ha) | C9: (Kg/Ha) | D9: (T) | E9: (Ha) | F9: (Kg/Ha) | G9: (T) | H9: (Ha) | I9: (Kg/Ha) | J9: (T) | K9: (Ha) | L9: (Kg/Ha) | M9: (T) | N9: (Ha) | O9: (Kg/Ha) | P9: (T) | Q9: (Ha) | R9: (Kg/Ha) | S9: (T)
A11: DAKAR | B11: =[1]Dakar!B24 -> 894.74165 | C11: =[1]Dakar!C24 -> 622 | D11: =[1]Dakar!D24 -> 556.52931 | H11: =[1]Dakar!E24 -> 211 | I11: =[1]Dakar!F24 -> 400 | J11: =[1]Dakar!G24 -> 84.4 | K11: =[1]Dakar!H24 -> 443.85117 | L11: =[1]Dakar!I24 -> 8220.8253 | M11: =[1]Dakar!J24 -> 3648.8229 | N11: =[1]Dakar!K24 -> 159.73385 | O11: =[1]Dakar!L24 -> 12400 | P11: =[1]Dakar!M24 -> 1980.6998
A12: DIOURBEL | B12: =[1]Diourbel!B28 -> 82467.285 | C12: =[1]Diourbel!C28 -> 1035.9634 | D12: =[1]Diourbel!D28 -> 85433.091 | H12: =[1]Diourbel!E28 -> 28090 | I12: =[1]Diourbel!F28 -> 653.16839 | J12: =[1]Diourbel!G28 -> 18347.5 | K12: =[1]Diourbel!H28 -> 12634 | L12: =[1]Diourbel!I28 -> 9070.013 | M12: =[1]Diourbel!J28 -> 114590.54 | N12: =[1]Diourbel!K28 -> 12229.315 | O12: =[1]Diourbel!L28 -> 11918.871 | ... S12: =[1]Diourbel!P28 -> 907.479
A13: FATICK | B13: =[1]Fatick!B30 -> 188837.26 | C13: =[1]Fatick!C30 -> 1227.5492 | D13: =[1]Fatick!D30 -> 231807.02 | H13: =[1]Fatick!E30 -> 23515.473 | I13: =[1]Fatick!F30 -> 870.59013 | J13: =[1]Fatick!G30 -> 20472.339 | K13: =[1]Fatick!H30 -> 4541.1213 | L13: =[1]Fatick!I30 -> 10516.994 | M13: =[1]Fatick!J30 -> 47758.944 | N13: =[1]Fatick!K30 -> 6896.7637 | O13: =[1]Fatick!L30 -> 12580.545 | ... S13: =[1]Fatick!P30 -> 3260.69
A14: KAOLACK | B14: =[1]Kaolack!B28 -> 175385.09 | C14: =[1]Kaolack!C28 -> 1493.539 | D14: =[1]Kaolack!D28 -> 261944.48 | H14: =[1]Kaolack!E28 -> 2595.7391 | I14: =[1]Kaolack!F28 -> 618.94877 | J14: =[1]Kaolack!G28 -> 1606.6295 | K14: =[1]Kaolack!H28 -> 6607.4269 | L14: =[1]Kaolack!I28 -> 19735.753 | M14: =[1]Kaolack!J28 -> 130402.54 | N14: =[1]Kaolack!K28 -> 14997.735 | O14: =[1]Kaolack!L28 -> 35143.006 | ... S14: =[1]Kaolack!P28 -> 1103.9695
A15: KOLDA | B15: =[1]Kolda!B32 -> 128694.52 | C15: =[1]Kolda!C32 -> 2368.1784 | D15: =[1]Kolda!D32 -> 304771.58 | H15: =[1]Kolda!H32 -> 1922.2142 | I15: =[1]Kolda!I32 -> 630.78916 | J15: =[1]Kolda!J32 -> 1212.5119 | K15: =[1]Kolda!K32 -> 1383.7525 | L15: =[1]Kolda!L32 -> 10893.698 | M15: =[1]Kolda!M32 -> 15074.182 | N15: =[1]Kolda!N32 -> 925.64098 | O15: =[1]Kolda!O32 -> 12913.803 | ... S15: =[1]Kolda!S32 -> 2455.2918
A16: LOUGA | B16: =[1]Louga!B27 -> 122668.81 | C16: =[1]Louga!C27 -> 1107.0272 | D16: =[1]Louga!D27 -> 135797.71 | H16: =[1]Louga!E27 -> 168757 | I16: =[1]Louga!F27 -> 949.24283 | J16: =[1]Louga!G27 -> 160191.37 | K16: =[1]Louga!H27 -> 5470.9461 | L16: =[1]Louga!I27 -> 16089.931 | M16: =[1]Louga!J27 -> 88027.146 | N16: =[1]Louga!K27 -> 22686 | O16: =[1]Louga!L27 -> 12944.164 | ... S16: =[1]Louga!P27 -> 29.61
A17: SAINT-LOUIS | B17: ='[1]Saint-Louis'!B33 -> 13264.312 | C17: ='[1]Saint-Louis'!C33 -> 686.0878 | D17: ='[1]Saint-Louis'!D33 -> 9100.4829 | H17: ='[1]Saint-Louis'!E33 -> 7284.0619 | I17: ='[1]Saint-Louis'!F33 -> 460.02831 | J17: ='[1]Saint-Louis'!G33 -> 3350.8747 | K17: ='[1]Saint-Louis'!H33 -> 1620.4451 | L17: ='[1]Saint-Louis'!I33 -> 24710.186 | M17: ='[1]Saint-Louis'!J33 -> 40041.5 | N17: ='[1]Saint-Louis'!K33 -> 2983.9067 | O17: ='[1]Saint-Louis'!L33 -> 12971.796 | P17: ='[1]Saint-Louis'!M33 -> 38706.629
A18: TAMBACOUNDA | B18: =[1]Tamba!B33 -> 100737.63 | C18: =[1]Tamba!C33 -> 1281.2001 | D18: =[1]Tamba!D33 -> 129065.06 | H18: =[1]Tamba!H33 -> 5002 | I18: =[1]Tamba!I33 -> 815.64634 | J18: =[1]Tamba!J33 -> 4079.863 | K18: =[1]Tamba!K33 -> 894.7115 | L18: =[1]Tamba!L33 -> 13801.236 | M18: =[1]Tamba!M33 -> 12348.125 | N18: =[1]Tamba!N33 -> 4745 | O18: =[1]Tamba!O33 -> 16668.692 | ... S18: =[1]Tamba!S33 -> 3133.5871
A19: THIES | B19: =[1]Thiès!B30 -> 99036.493 | C19: =[1]Thiès!C30 -> 1196.9832 | D19: =[1]Thiès!D30 -> 118545.02 | H19: =[1]Thiès!E30 -> 40234 | I19: =[1]Thiès!F30 -> 914.15726 | J19: =[1]Thiès!G30 -> 36780.203 | K19: =[1]Thiès!H30 -> 60649 | L19: =[1]Thiès!I30 -> 14254.22 | M19: =[1]Thiès!J30 -> 864504.18 | N19: =[1]Thiès!K30 -> 3683 | O19: =[1]Thiès!L30 -> 12348.493 | ... S19: =[1]Thiès!P30 -> 91.8125
A20: ZIGUINCHOR | B20: =[1]Ziguinchor!B33 -> 31277.796 | C20: =[1]Ziguinchor!C33 -> 1362.5346 | D20: =[1]Ziguinchor!D33 -> 42617.08 | H20: =[1]Ziguinchor!E33 -> 1681.5696 | I20: =[1]Ziguinchor!F33 -> 520.23089 | J20: =[1]Ziguinchor!G33 -> 874.80445 | K20: =[1]Ziguinchor!H33 -> 525.6131 | L20: =[1]Ziguinchor!I33 -> 12145.225 | M20: =[1]Ziguinchor!J33 -> 6383.6894 | N20: =[1]Ziguinchor!K33 -> 4663.7145 | O20: =[1]Ziguinchor!L33 -> 15730.855 | ... S20: =[1]Ziguinchor!P33 -> 702.5246
A21: MATAM | B21: =[1]Matam!B32 -> 3230.7711 | C21: =[1]Matam!C32 -> 843.8855 | D21: =[1]Matam!D32 -> 2726.4009 | H21: =[1]Matam!E32 -> 5461.7385 | I21: =[1]Matam!F32 -> 650.83629 | J21: =[1]Matam!G32 -> 3554.6976 | K21: =[1]Matam!H32 -> 377.5 | L21: =[1]Matam!I32 -> 21200.624 | M21: =[1]Matam!J32 -> 8003.2357 | N21: =[1]Matam!K32 -> 1643.2816 | O21: =[1]Matam!L32 -> 10060.854 | P21: =[1]Matam!M32 -> 16532.816
A22: KAFFRINE | B22: =[1]Kaffrine!B30 -> 228684.8 | C22: =[1]Kaffrine!C30 -> 1766.8479 | D22: =[1]Kaffrine!D30 -> 404051.25 | H22: =[1]Kaffrine!B46 -> 2808.078 | I22: =[1]Kaffrine!C46 -> 711.68258 | J22: =[1]Kaffrine!D46 -> 1998.4602 | K22: =[1]Kaffrine!H30 -> 660.39109 | L22: =[1]Kaffrine!I30 -> 9851.6353 | M22: =[1]Kaffrine!J30 -> 6505.9322 | N22: =[1]Kaffrine!K30 -> 9595.9964 | O22: =[1]Kaffrine!L30 -> 35000 | P22: =[1]Kaffrine!M30 -> 335859.87 | Q22: =[1]Kaffrine!N30 -> 23173.593 | R22: =[1]Kaffrine!O30 -> 863.99371 | S22: =[1]Kaffrine!P30 -> 20021.838
A23: KEDOUGOU | B23: =[1]Kédougou!B31 -> 9581.6709 | C23: =[1]Kédougou!C31 -> 1297.9533 | D23: =[1]Kédougou!D31 -> 12436.561 | H23: =[1]Kédougou!H31 -> 564 | I23: =[1]Kédougou!I31 -> 402 | J23: =[1]Kédougou!J31 -> 226.728
A24: SEDHIOU | B24: =[1]Sedhiou!B31 -> 40319.973 | C24: =[1]Sedhiou!C31 -> 1454.2133 | D24: =[1]Sedhiou!D31 -> 58633.842 | H24: =[1]Sedhiou!B46 -> 1768.111 | I24: =[1]Sedhiou!C46 -> 631.50068 | J24: =[1]Sedhiou!D46 -> 1116.5633 | K24: =[1]Sedhiou!H31 -> 667.37508 | L24: =[1]Sedhiou!I31 -> 13763.621 | M24: =[1]Sedhiou!J31 -> 9185.4978 | N24: =[1]Sedhiou!K31 -> 1354 | O24: =[1]Sedhiou!L31 -> 15704.801 | P24: =[1]Sedhiou!M31 -> 21264.3 | Q24: =[1]Sedhiou!N31 -> 4908.5631 | R24: =[1]Sedhiou!O31 -> 897.1358 | S24: =[1]Sedhiou!P31 -> 4403.6476
A26: RESULTATS DEFINITIFS 2020-2021 (1) | B26: =SUM(B11:B24) -> 1225081.1 | C26: =(D26/B26)*1000 -> 1467.2384 | D26: =SUM(D11:D24) -> 1797486.1 | E26: =G26*1000/F26 -> 18083.408 | F26: 1115 | G26: 20163 | H26: =SUM(H11:H24) -> 289894.99 | I26: =(J26/H26)*1000 -> 875.82387 | J26: =SUM(J11:J24) -> 253896.95 | K26: =SUM(K11:K24) -> 96476.134 | L26: =(M26/K26)*1000 -> 13956.554 | M26: =SUM(M11:M24) -> 1346474.3 | N26: =SUM(N11:N24) -> 86564.088 | O26: =(P26/N26)*1000 -> 19378.428 | P26: =SUM(P11:P24) -> 1677476 | Q26: =SUM(Q11:Q24) -> 44375.058 | R26: =(S26/Q26)*1000 -> 813.75556 | S26: =SUM(S11:S24) -> 36110.45
A29: RESULTATS DEFINITIFS 2019/2020 (2) | B29: 1110933.7 | C29: 1279.3636 | D29: 1421288.1 | E29: 16511 | F29: 1000 | G29: 16511 | H29: 290677.38 | I29: =(J29/H29)*1000 -> 633.47393 | J29: 184136.54 | K29: 94009.8 | L29: 10962.607 | M29: 1030592.5 | N29: 82027.7 | O29: 14513.155 | P29: 1190480.7 | Q29: 41084.7 | R29: 591.56641 | S29: 24304.329
A32: ECART(1)&(2) EN % | B32: =((B26-B29)/B29)*100 -> 10.27491 | C32: =((C26-C29)/C29)*100 -> 14.685024 | D32: =((D26-D29)/D29)*100 -> 26.468807 | E32: =((E26-E29)/E29)*100 -> 9.523397 | F32: =((F26-F29)/F29)*100 -> 11.5 | G32: =((G26-G29)/G29)*100 -> 22.118588 | H32: =((H26-H29)/H29)*100 -> -0.2691625 | I32: =((I26-I29)/I29)*100 -> 38.257288 | ... S32: =((S26-S29)/S29)*100 -> 48.576211
A35: MOYENNE 5 DERNIERES ANNEES (3) | B35: 1169376.7 | C35: 1089.2245 | D35: 1273713.7 | E35: 21888.052 | F35: 795.74963 | G35: 17417.409 | H35: 219779.74 | I35: 571.79971 | J35: 125669.99 | K35: 69654.335 | L35: 11330.721 | M35: 789233.84 | N35: 47473.065 | O35: 15671.48 | P35: 743973.2 | Q35: 28617.152 | R35: 534.18715 | S35: 15286.915
A38: ECART(1)&(3) EN % | B38: =((B26-B35)/B35)*100 -> 4.7636036 | C38: =((C26-C35)/C35)*100 -> 34.704871 | D38: =((D26-D35)/D35)*100 -> 41.121677 | E38: =((E26-E35)/E35)*100 -> -17.382287 | F38: =((F26-F35)/F35)*100 -> 40.119449 | G38: =((G26-G35)/G35)*100 -> 15.763485 | H38: =((H26-H35)/H35)*100 -> 31.902508 | I38: =((I26-I35)/I35)*100 -> 53.169694 | ... S38: =((S26-S35)/S35)*100 -> 136.21804
A41: SOURCE : SENEGAL, DAPSA/MAER

Sheet REGION DE KOLDA
A1: REGION DE KOLDA
B4: RESULTATS DEFINITIFS DE LA CAMPAGNE AGRICOLE 2020/2021
C6: MIL | F6: SORGHO | I6: MAIS | L6: RIZ | O6: FONIO | Q6: TOTAL CEREALES
A7: LOCALITES | B7: SUP | C7: RDT | D7: PROD | E7: SUP | F7: RDT | G7: PROD | H7: SUP | I7: RDT | J7: PROD | K7: SUP | L7: RDT | M7: PROD | N7: SUP | O7: RDT | P7: PROD | Q7: SUP | R7: PROD
B8: (Ha) | C8: (Kg/Ha) | D8: (T) | E8: (Ha) | F8: (Kg/Ha) | G8: (T) | H8: (Ha) | I8: (Kg/Ha) | J8: (T) | K8: (Ha) | L8: (Kg/Ha) | M8: (T) | N8: (Ha) | O8: (Kg/Ha) | P8: (T) | Q8: (Ha) | R8: (T)
A9: KOLDA | B9: 8731 | C9: 1788 | D9: 15611.028 | E9: 10987 | F9: 1461 | G9: 16052.007 | H9: 13456 | I9: 3789 | J9: 50984.784 | K9: 52266 | L9: 2689 | M9: 140543.27 | N9: 239 | O9: 890 | P9: 212.71 | Q9: =N9+K9+H9+E9+B9 -> 85679 | R9: =P9+M9+J9+G9+D9 -> 223403.8
A10: MEDINA YORO FOULA | B10: 34687 | C10: 1987 | D10: 68923.069 | E10: 7890 | F10: 1406.63 | G10: 11098.311 | H10: 11879 | I10: 3895 | J10: 46268.705 | K10: 10720.28 | L10: 2605 | M10: 27926.329 | Q10: =N10+K10+H10+E10+B10 -> 65176.28 | R10: =P10+M10+J10+G10+D10 -> 154216.41
A11: VELINGARA | B11: 6487.3173 | C11: 1478 | D11: 9588.2549 | E11: 20132.253 | F11: 1456 | G11: 29312.56 | H11: 19681.551 | I11: 3760 | J11: 74002.63 | Q11: =N11+K11+H11+E11+B11 -> 46301.121 | R11: =P11+M11+J11+G11+D11 -> 112903.45
A12: KOLDA(SODAGRI) Contre-saison | K12: 564.3 | L12: 5800 | M12: 3272.94 | Q12: =N12+K12+H12+E12+B12 -> 564.3 | R12: =P12+M12+J12+G12+D12 -> 3272.94
A13: MEDINA YORO FOULA(SODAGRI) | H13: 1415 | I13: 1600 | J13: 2264 | K13: 19227.5 | L13: 3000 | M13: 57682.5 | Q13: =N13+K13+H13+E13+B13 -> 20642.5 | R13: =P13+M13+J13+G13+D13 -> 59946.5
A14: VELINGARA (SODAGRI irrigué) | H14: 53.57 | I14: 1800 | J14: 96.426 | K14: 2736.9 | L14: 5900 | M14: 16147.71 | Q14: =N14+K14+H14+E14+B14 -> 2790.47 | R14: =P14+M14+J14+G14+D14 -> 16244.136
A15: VELINGARA (SODAGRI) | H15: 3540 | I15: 2000 | J15: 7080 | K15: 39921.8 | L15: 3100 | M15: 123757.58 | Q15: =N15+K15+H15+E15+B15 -> 43461.8 | R15: =P15+M15+J15+G15+D15 -> 130837.58
A17: REGION (1) | B17: =SUM(B9:B15) -> 49905.317 | C17: =(D17/B17)*1000 -> 1886.0185 | D17: =SUM(D9:D15) -> 94122.352 | E17: =SUM(E9:E11) -> 39009.253 | F17: =(G17/E17)*1000 -> 1447.4227 | G17: =SUM(G9:G11) -> 56462.878 | H17: =SUM(H9:H15) -> 50025.121 | I17: =(J17/H17)*1000 -> 3612.1161 | J17: =SUM(J9:J15) -> 180696.54 | K17: =SUM(K9:K15) -> 125436.78 | L17: =(M17/K17)*1000 -> 2944.3544 | M17: =SUM(M9:M15) -> 369330.33 | N17: =SUM(N9:N11) -> 239 | O17: =(P17/N17)*1000 -> 890 | P17: =SUM(P9:P11) -> 212.71 | Q17: =SUM(Q9:Q15) -> 264615.47 | R17: =SUM(R9:R15) -> 700824.82
A19: RESULTATS 2019/2020 (2) | B19: 44676 | C19: 918.23574 | D19: 41023.1 | E19: 38700 | F19: 920.15504 | G19: 35610 | H19: 50850 | I19: 2377.2861 | J19: 120885 | K19: 122753.09 | L19: 2728.5611 | M19: 334939.31 | N19: 162 | O19: 500 | P19: 81 | Q19: 193467 | R19: 318957.22
A21: ECART(1)&(2) en% | B21: =((B17-B19)/B19)*100 -> 11.704981 | C21: =((C17-C19)/C19)*100 -> 105.39589 | D21: =((D17-D19)/D19)*100 -> 129.43744 | E21: =((E17-E19)/E19)*100 -> 0.79910351 | F21: =((F17-F19)/F19)*100 -> 57.302045 | G21: =((G17-G19)/G19)*100 -> 58.559051 | H21: =((H17-H19)/H19)*100 -> -1.6221819 | I21: =((I17-I19)/I19)*100 -> 51.942843 | ... R21: =((R17-R19)/R19)*100 -> 119.72377
B25: ARACHIDE HUILERIE | F25: COTON | I25: NIEBE | L25: MANIOC | O25: PASTEQUE | R25: SESAME
A26: LOCALITES | B26: SUP | C26: RDT | D26: PROD | E26: SUP | F26: RDT | G26: PROD | H26: SUP | I26: RDT | J26: PROD | K26: SUP | L26: RDT | M26: PROD | N26: SUP | O26: RDT | P26: PROD | Q26: SUP | R26: RDT | S26: PROD
B27: (Ha) | C27: (Kg/Ha) | D27: (T) | E27: (Ha) | F27: (Kg/Ha) | G27: (T) | H27: (Ha) | I27: (Kg/Ha) | J27: (T) | K27: (Ha) | L27: (Kg/Ha) | M27: (T) | N27: (Ha) | O27: (Kg/Ha) | P27: (T) | Q27: (Ha) | R27: (Kg/Ha) | S27: (T)
A28: KOLDA | B28: 28027.44 | C28: 2523.24 | D28: 70719.958 | H28: 626.21416 | I28: 604 | J28: 378.23335 | K28: 300 | L28: 10761.069 | M28: 3228.3207 | N28: 433.08266 | O28: 13000 | P28: 5630.0746 | Q28: 1089 | R28: 749 | S28: 815.661
A29: MEDINA YORO FOULA | B29: 58669.135 | C29: 2468.18 | D29: 144805.99 | H29: 698 | I29: 579.25 | J29: 404.3165 | K29: 683.75251 | L29: 12761.32 | M29: 8725.5846 | N29: 61.375 | O29: 11700 | P29: 718.0875 | Q29: 1296.445 | R29: 1004 | S29: 1301.6308
A30: VELINGARA | B30: 41997.945 | C30: 2125 | D30: 89245.633 | H30: 598 | I30: 719 | J30: 429.962 | K30: 400 | L30: 7800.6912 | M30: 3120.2765 | N30: 431.18332 | O30: 13000 | P30: 5605.3832 | Q30: 400 | R30: 845 | S30: 338
A32: REGION (1) | B32: =SUM(B28:B30) -> 128694.52 | C32: =(D32/B32)*1000 -> 2368.1784 | D32: =SUM(D28:D30) -> 304771.58 | H32: =SUM(H28:H30) -> 1922.2142 | I32: =(J32/H32)*1000 -> 630.78916 | J32: =SUM(J28:J30) -> 1212.5119 | K32: =SUM(K28:K30) -> 1383.7525 | L32: =(M32/K32)*1000 -> 10893.698 | M32: =SUM(M28:M30) -> 15074.182 | N32: =SUM(N28:N30) -> 925.64098 | O32: =(P32/N32)*1000 -> 12913.803 | P32: =SUM(P28:P30) -> 11953.545 | Q32: =SUM(Q28:Q30) -> 2785.445 | R32: =(S32/Q32)*1000 -> 881.472 | S32: =SUM(S28:S30) -> 2455.2918
A34: RESULTATS 2019/2020 (2) | B34: 123900 | C34: 1829.7821 | D34: 226710 | H34: 1800 | I34: 591.80556 | J34: 1065.25 | K34: 1280 | L34: 10576.594 | M34: 13538.04 | N34: 440 | O34: 13027.273 | P34: 5732 | Q34: 2250 | R34: 733.33333 | S34: 1650
A36: ECART(1)&(2) en% | B36: =((B32-B34)/B34)*100 -> 3.8696691 | C36: =((C32-C34)/C34)*100 -> 29.424065 | D36: =((D32-D34)/D34)*100 -> 34.432348 | H36: =((H32-H34)/H34)*100 -> 6.7896757 | I36: =((I32-I34)/I34)*100 -> 6.5872317 | J36: =((J32-J34)/J34)*100 -> 13.824159 | K36: =((K32-K34)/K34)*100 -> 8.1056648 | L36: =((L32-L34)/L34)*100 -> 2.9981686 | M36: =((M32-M34)/M34)*100 -> 11.346855 | N36: =((N32-N34)/N34)*100 -> 110.37295 | O36: =((O32-O34)/O34)*100 -> -0.87101695 | ... S36: =((S32-S34)/S34)*100 -> 48.805562
C39: GOMBO | F39: DIAKHATOU | I39: PIMENT
A40: LOCALITES | B40: SUP | C40: RDT | D40: PROD | E40: SUP | F40: RDT | G40: PROD | H40: SUP | I40: RDT | J40: PROD
B41: (Ha) | C41: (Kg/Ha) | D41: (T) | E41: (Ha) | F41: (Kg/Ha) | G41: (T) | H41: (Ha) | I41: (Kg/Ha) | J41: (T)
A42: KOLDA | B42: 28 | C42: 10000 | D42: =(B42*C42)/1000 -> 280 | H42: 10 | I42: 3500 | J42: =(H42*I42)/1000 -> 35
A43: MEDINA YORO FOULA | B43: 998 | C43: 10000 | D43: =(B43*C43)/1000 -> 9980 | J43: =(H43*I43)/1000 -> 0
A44: VELINGARA | E44: 5 | F44: 8500 | G44: =(E44*F44)/1000 -> 42.5 | H44: 77 | I44: 3500 | J44: =(H44*I44)/1000 -> 269.5
A46: REGION (1) | B46: =SUM(B42:B44) -> 1026 | C46: =(D46/B46)*1000 -> 10000 | D46: =SUM(D42:D44) -> 10260 | E46: =SUM(E42:E44) -> 5 | F46: =(G46/E46)*1000 -> 8500 | G46: =SUM(G42:G44) -> 42.5 | H46: =SUM(H42:H44) -> 87 | I46: =(J46/H46)*1000 -> 3500 | J46: =SUM(J42:J44) -> 304.5
A48: RESULTATS 2019/2020 (2) | B48: 1040 | C48: 10329.385 | D48: 10742.56
A50: ECART(1)&(2) en% | B50: =((B46-B48)/B48)*100 -> -1.3461538 | C50: =((C46-C48)/C48)*100 -> -3.1888116 | D50: =((D46-D48)/D48)*100 -> -4.4920391
A53: Source : DAPSA
